{
    "revenue_model": {
        "model": "XGBoost",
        "MAE": 43.24743614756055,
        "RMSE": 70.81069800127594,
        "R2": 0.9329512998209138
    },
    "rides_model": {
        "model": "XGBoost",
        "MAE": 0.0012973827542737126,
        "R2": 0.9999911189079285
    }
}