Model,MAE,RMSE,R2
LinearRegression,54.90464049365616,85.54239265067538,0.9021512236127649
RandomForest,44.12220835812353,72.18461967873942,0.9303242010278403
XGBoost,43.24743614756055,70.81069800127594,0.9329512998209138
